epoch,acc,loss,val_acc,val_loss
0,0.7833916860756277,0.1417072009603518,0.7245341438472901,0.20816142359466366
