epoch,acc,loss,val_acc,val_loss
0,0.7801183982850081,0.42556311526472684,0.7589691512328145,0.5920797920189125
