epoch,acc,loss,val_acc,val_loss
0,0.770601285550819,0.14559932571277023,0.8047807067378707,0.14769258741329588
