epoch,acc,loss,val_acc,val_loss
0,0.78848310537532,0.39649437879659266,0.7902084990342007,0.6545426985012944
